{
  "note": "config the console output and loaders here!",
  "console": {
    "success": "blueBright",
    "error": "red",
    "warn": "yellow",
    "available": "blue, red, yellow, white, green, blueBright",
    "editNames": {
      "success": "MAHABUB RUNNING",
      "error":   "MAHABUB ERROR",
      "warn":    "MAHABUB WARNING"
    }
  },
  "logger": {
    "colors": {
      "cmdStarter": "blueBright",
      "evntStarter": "blue",
      "cmdLoader": "blueBright",
      "evntLoader": "blue"
    },
    "strings": {
      "cmdStarter": "MAHABUB INPORTING COMMANDS",
      "evntStarter": "MAHABUB INPORTING EVENTS",
      "cmdLoader": "MAHABUB COMMAND",
      "evntLoader": "MAHABUB EVENT"
    }
  }
}
